Agent_0,Bidding_Factor_0,Participated_0,Agent_1,Bidding_Factor_1,Participated_1,Agent_2,Bidding_Factor_2,Participated_2,Agent_3,Bidding_Factor_3,Participated_3,seller_id,starting_price,market_price
74.83985793846087,1.2474636792479297,1,95.03015035459873,1.2960035642611594,1,79.22835288345439,1.0805015812808179,1,77.75354520727198,1.2960303005731295,1,4,65.99297847448217,81.71297659594649
69.48280734980044,1.1089140438461054,1,80.71027131915378,1.0538994018277634,1,,1.5974970707656952,0,122.07666096711579,1.5940538653578016,1,0,68.92426740281013,90.75657987869
149.71739129577676,1.5255272312858073,1,,1.9013480888086787,0,,1.3704550770456536,0,97.16701099451551,1.0,1,3,88.3272677162421,123.44220114514613
113.69586229665154,1.1388471320839224,1,,1.7076362323750125,0,,1.6777144878612125,0,,1.401701653117931,0,2,89.85075624657752,113.69586229665154
19.880802206038464,1.2527318452923148,1,29.81012746951416,1.5368726091375113,1,29.287784946466353,1.5099430390750912,1,24.469441536479355,1.2615314878061379,1,2,17.45695418283183,25.86203903962458
104.45478871556467,1.0,1,99.27265323790647,1.15928934201054,1,150.47714466832184,1.4377473636891258,1,,1.5940538653578016,0,0,94.19556844395134,118.06819554059767
,1.2474636792479297,0,19.191140519001067,1.1664032078350435,1,16.000000500912574,1.0,1,,1.2960303005731295,0,4,14.807938070711845,17.595570509956822
,1.1045616761834685,0,45.478977959500476,1.284073985261077,1,,1.5625480576515525,0,,1.213673826826172,0,1,31.87595156771933,45.478977959500476
89.80225124697283,1.2150178438018153,1,104.39682738455194,1.1556665867349694,1,127.03711914352783,1.4062932518863973,1,98.67320610389841,1.3350412095087894,1,1,81.30125567751149,104.97735096973774
63.67885304489944,1.0,1,,1.15928934201054,0,91.55410308805143,1.2939726273202132,1,101.50752183777337,1.4346484788220215,1,0,63.67885304489944,85.58015932357473
,1.5255272312858073,0,,1.9013480888086787,0,26.820151474126043,1.2334095693410883,1,19.570252190931605,1.0,1,3,19.570252190931605,23.195201832528824
,1.2527318452923148,0,,1.5368726091375113,0,74.78188655468456,1.3589487351675822,1,,1.2615314878061379,0,2,49.526296435984676,74.78188655468456
7.8719647535989035,1.1,1,9.125884839529835,1.043360407809486,1,10.186106914386489,1.164575364588192,1,11.293502259091236,1.2911836309398195,1,0,7.8719647535989035,9.619364691651615
36.141905433620266,1.3729745081572267,1,,1.9013480888086787,0,29.22122339204332,1.1100686124069794,1,23.691419394170808,1.1,1,3,23.691419394170808,29.684849406611463
117.76259694712185,1.1227173113231368,1,,1.1664032078350435,0,,1.0,0,122.34736486249,1.1664272705158165,1,4,94.40162379566715,120.05498090480592
,1.2150178438018153,0,,1.1556665867349694,0,,1.4062932518863973,0,21.54303751019169,1.2015370885579104,1,1,16.136608635562766,21.54303751019169
73.9065564764153,1.2356770573415041,1,102.34865183000979,1.7112132799278108,1,59.754458737669005,1.0,1,59.2124701813816,1.2100000000000002,1,3,53.829518346710536,73.80553430636893
20.278887642300248,1.0,1,19.234716800357393,1.1476964485904346,1,,1.164575364588192,0,23.803425252187154,1.1620652678458376,1,0,18.435352402091134,21.105676564948265
,1.2150178438018153,0,65.13609184189353,1.0400999280614724,1,,1.4062932518863973,0,67.72146140597701,1.0813833797021195,1,1,56.36235622760224,66.42877662393528
,1.1227173113231368,0,,1.1664032078350435,0,,1.0,0,115.76528064305009,1.049784543464235,1,4,99.24774871892052,115.76528064305009
53.619581615786636,1.0935160594216338,1,45.900332464880805,1.1441099208676198,1,62.06069826868498,1.2656639266977576,1,47.72219986865542,1.0,1,1,44.13069477894241,52.32570305450196
82.33153841350659,1.3780050298215465,1,101.00572339673032,1.3831853482237602,1,89.31228212317751,1.223053861650824,1,,1.2615314878061379,0,2,65.72159774089178,90.88318131113813
118.84444849517489,1.1121093516073537,1,164.5803790742674,1.5400919519350298,1,,1.0,0,,1.2100000000000002,0,3,96.1775957472761,141.71241378472115
,1.0,0,21.77777639226262,1.0329268037313912,1,,1.164575364588192,0,,1.1620652678458376,0,0,18.97520587347762,21.77777639226262
68.0404483229425,1.1,1,70.2808028106679,1.0,1,79.23822991243479,1.0481178281293728,1,79.06744180475104,1.0458587410612539,1,0,68.0404483229425,74.15673071269904
24.368963474180433,1.0,1,,1.1441099208676198,0,28.205272098700053,1.1390975340279819,1,22.284961674060188,1.1,1,1,22.284961674060188,24.953065748980222
,1.1227173113231368,0,,1.1664032078350435,0,86.46027292136993,1.0,1,90.76465813655349,1.0,1,4,86.46027292136993,88.6124655289617
,1.1121093516073537,0,,1.5400919519350298,0,,1.0,0,67.59535444971438,1.0890000000000002,1,3,55.8639292972846,67.59535444971438
56.015064905848355,1.0,1,64.08739147682475,1.0296989287808578,1,63.80662230266921,1.0251877806251837,1,61.616571396433194,1.0,1,1,56.015064905848355,61.381412520443874
,1.1121093516073537,0,109.50477816508584,1.3860827567415268,1,71.1027533307345,1.1,1,77.43089837716988,1.0,1,3,71.1027533307345,86.01280995766342
,1.1,0,29.66305283964148,1.0,1,31.090374517971853,1.0,1,,1.0458587410612539,0,0,29.66305283964148,30.376713678806667
,1.1227173113231368,0,,1.1664032078350435,0,36.589404251263915,1.0,1,,1.0,0,4,36.589404251263915,36.589404251263915
23.174661044086363,1.240204526839392,1,23.2617812798429,1.2448668134013843,1,20.56876286299863,1.3453592478159064,1,21.215862056857123,1.135378339025524,1,2,16.817544597124957,22.055266810946254
31.077488701595996,1.0104455801908232,1,32.28674052445056,1.0497628870515392,1,27.68059990539451,1.0,1,,1.0,0,4,27.68059990539451,30.34827637714702
58.838350974461655,1.0,1,53.48940997678332,1.0,1,,1.0,0,,1.0458587410612539,0,0,53.48940997678332,56.16388047562249
109.24053474745077,1.0008984164466184,1,,1.3860827567415268,0,,1.1,0,,1.0,0,3,98.22823141408105,109.24053474745077
62.42679739860867,1.1009882580912802,1,86.45103839808421,1.2474744810673741,1,68.60783872778956,1.0,1,62.37076247980868,1.1,1,3,62.37076247980868,69.96410925107277
83.64518410023491,1.1161840741554527,1,83.95963047530157,1.1203801320612459,1,,1.3453592478159064,0,76.57521653564122,1.0218405051229718,1,2,67.44466923806598,81.3933437037259
54.95096488327459,1.0,1,56.58294967578237,1.0,1,,1.0251877806251837,0,,1.0,0,1,54.95096488327459,55.766957279528484
,1.0,0,94.80977200174033,1.0,1,,1.0,0,,1.0458587410612539,0,0,94.80977200174033,94.80977200174033
12.797210370712222,1.0,1,14.499876133093778,1.1227270329606367,1,11.623384969516392,1.1,1,12.785723466468033,1.2100000000000002,1,3,11.623384969516392,12.926548734947607
,1.0,0,22.18040402720409,1.0,1,22.73907917801925,1.0,1,22.18040402720409,1.1,1,1,22.18040402720409,22.36662907747581
,1.0,0,,1.0,0,53.340246519062795,1.0,1,55.786363072323944,1.0,1,0,53.340246519062795,54.56330479569337
,1.0104455801908232,0,,1.0497628870515392,0,,1.0,0,63.47366203918775,1.0,1,4,63.47366203918775,63.47366203918775
44.09812893139517,1.1,1,49.51016145426092,1.0104543296645732,1,48.5079418245347,1.0,1,53.35873600698817,1.0890000000000002,1,3,44.09812893139517,48.86874205429474
79.88360803301529,1.0,1,79.88360803301529,1.1,1,,1.0,0,87.87196883631682,1.0,1,1,79.88360803301529,82.54639496744913
,1.1161840741554527,0,41.56057772812523,1.0083421188551214,1,,1.3453592478159064,0,37.90524351835657,1.0,1,2,37.09506848507138,39.7329106232409
,1.0,0,11.796336627975979,1.0,1,,1.0,0,,1.0,0,0,11.796336627975979,11.796336627975979
68.81143461770186,1.0,1,75.69257807947206,1.0,1,68.81143461770186,1.1,1,68.81143461770186,1.1,1,1,68.81143461770186,70.53172048314441
,1.1,0,49.95733857319408,1.0,1,49.44047158447798,1.1,1,53.84067355549653,1.0,1,3,49.44047158447798,51.079494571056195
,1.0,0,,1.0,0,79.86276989321466,1.0,1,79.86276989321466,1.0,1,0,79.86276989321466,79.86276989321466
,1.0104455801908232,0,,1.0497628870515392,0,,1.0,0,22.712934896495163,1.0,1,4,22.712934896495163,22.712934896495163
84.89817571312193,1.0,1,84.89817571312193,1.0,1,84.89817571312193,1.0,1,84.89817571312193,1.0,1,0,84.89817571312193,84.89817571312193
,1.1161840741554527,0,19.38941884021116,1.0,1,25.869923965957085,1.2108233230343157,1,19.22900816860258,1.1,1,2,19.22900816860258,21.496116991590274
,1.0,0,,1.0,0,62.73249183890051,1.0,1,62.73249183890051,1.0,1,1,57.02953803536409,62.73249183890051
,1.0104455801908232,0,,1.0497628870515392,0,,1.0,0,98.94925736133386,1.0,1,4,98.94925736133386,98.94925736133386
40.79045224582954,1.0045656667399074,1,36.54455675395042,1.1,1,44.24900164763439,1.0897409907308842,1,40.19901242934546,1.0,1,2,36.54455675395042,40.44575576918995
51.73852238089266,1.0,1,47.03502034626605,1.0,1,51.73852238089266,1.0,1,,1.0,0,3,47.03502034626605,50.170688369350465
15.562152195173196,1.0,1,,1.0,0,15.562152195173196,1.0,1,,1.0,0,1,15.562152195173196,15.562152195173196
,1.0,0,,1.0,0,84.99174516419856,1.0,1,,1.0,0,0,84.99174516419856,84.99174516419856
6.726866272139875,1.0,1,6.726866272139875,1.0,1,6.726866272139875,1.0,1,6.726866272139875,1.0,1,3,6.726866272139875,6.726866272139875
,1.0,0,67.60162536451723,1.0,1,67.60162536451723,1.0,1,67.60162536451723,1.0,1,1,67.60162536451723,67.60162536451723
,1.0,0,,1.0,0,37.216433597937204,1.0,1,37.216433597937204,1.0,1,0,37.216433597937204,37.216433597937204
,1.0104455801908232,0,,1.0497628870515392,0,,1.0,0,11.361710805819335,1.0,1,4,11.361710805819335,11.361710805819335
51.77333026119712,1.0,1,51.77333026119712,1.0,1,51.77333026119712,1.0,1,51.77333026119712,1.0,1,1,51.77333026119712,51.77333026119712
,1.0,0,93.6820479415565,1.0,1,93.6820479415565,1.0,1,93.6820479415565,1.0,1,0,93.6820479415565,93.6820479415565
,1.0045656667399074,0,,1.1,0,95.89585708953994,1.0,1,87.99876108654318,1.0,1,2,87.99876108654318,91.94730908804156
,1.0104455801908232,0,,1.0497628870515392,0,3.323324730466415,1.0,1,,1.0,0,4,3.323324730466415,3.323324730466415
51.91076019358404,1.0,1,51.91076019358404,1.0,1,51.91076019358404,1.0,1,51.91076019358404,1.0,1,1,51.91076019358404,51.91076019358404
,1.0104455801908232,0,17.469363516025215,1.0,1,16.64124702016403,1.0,1,16.64124702016403,1.1,1,4,16.64124702016403,16.917285852117757
,1.0,0,65.22405769374772,1.0,1,,1.0,0,65.22405769374772,1.0,1,0,65.22405769374772,65.22405769374772
,1.0045656667399074,0,,1.1,0,,1.0,0,84.14316930349138,1.0,1,2,84.14316930349138,84.14316930349138
42.16318285635042,1.0,1,41.727316822334835,1.1,1,41.727316822334835,1.1,1,45.900048504568325,1.0,1,4,41.727316822334835,42.879466251397105
,1.0045656667399074,0,91.7979128571331,1.0,1,83.45264805193918,1.0,1,83.45264805193918,1.1,1,2,83.45264805193918,86.23440298700382
,1.0,0,37.59563706994753,1.0,1,,1.0,0,37.59563706994753,1.0,1,0,37.59563706994753,37.59563706994753
,1.0,0,,1.0,0,,1.0,0,81.63243686388097,1.0,1,3,81.63243686388097,81.63243686388097
88.87716817598789,1.0,1,88.87716817598789,1.0,1,88.87716817598789,1.0,1,88.87716817598789,1.0,1,0,88.87716817598789,88.87716817598789
,1.0,0,38.362127433635465,1.0,1,38.362127433635465,1.0,1,38.362127433635465,1.0,1,1,38.362127433635465,38.362127433635465
,1.0,0,,1.0,0,23.439356321851122,1.0,1,23.439356321851122,1.0,1,3,23.439356321851122,23.439356321851122
,1.0045656667399074,0,,1.0,0,,1.0,0,17.5352443516991,1.0,1,2,15.941131228817362,17.5352443516991
9.372380196895103,1.0,1,10.309618216584614,1.0,1,10.309618216584614,1.0,1,9.372380196895103,1.1,1,4,9.372380196895103,9.840999206739859
,1.0045656667399074,0,69.54207598968031,1.0,1,69.54207598968031,1.0,1,69.54207598968031,1.0,1,2,69.54207598968031,69.54207598968031
,1.0,0,,1.0,0,67.55658318555854,1.0,1,67.55658318555854,1.0,1,3,67.55658318555854,67.55658318555854
,1.0,0,,1.0,0,,1.0,0,6.436911416047996,1.0,1,0,6.436911416047996,6.436911416047996
43.45192663957267,1.0,1,43.45192663957267,1.1,1,43.45192663957267,1.1,1,47.79711930352994,1.0,1,4,43.45192663957267,44.53822480556199
,1.0,0,93.7342383316163,1.0,1,93.7342383316163,1.0,1,93.7342383316163,1.0,1,1,93.7342383316163,93.73423833161628
,1.0,0,58.11745075973134,1.0,1,,1.0,0,58.11745075973134,1.0,1,3,58.11745075973134,58.11745075973134
,1.0,0,,1.0,0,,1.0,0,85.9894954127159,1.0,1,0,85.9894954127159,85.9894954127159
67.28719792462856,1.0,1,67.28719792462856,1.0,1,67.28719792462856,1.0,1,67.28719792462856,1.0,1,3,67.28719792462856,67.28719792462856
,1.0,0,45.18072838793753,1.0,1,45.18072838793753,1.0,1,45.18072838793753,1.0,1,0,45.18072838793753,45.18072838793753
,1.0045656667399074,0,,1.0,0,71.59795534739219,1.0,1,71.59795534739219,1.0,1,2,71.59795534739219,71.59795534739219
,1.0,0,,1.0,0,,1.0,0,52.09485333873985,1.0,1,1,52.09485333873985,52.09485333873985
83.05541980401924,1.0,1,82.67793988376785,1.0,1,82.67793988376785,1.1,1,82.67793988376785,1.1,1,2,82.67793988376785,82.7723098638307
9.06848174182019,1.0,1,,1.1,0,9.97532991600221,1.0,1,9.06848174182019,1.1,1,4,9.06848174182019,9.370764466547529
,1.0,0,,1.0,0,45.97148093507795,1.0,1,45.97148093507795,1.0,1,1,45.97148093507795,45.97148093507795
,1.0,0,,1.0,0,,1.0,0,16.011642629458876,1.0,1,3,16.011642629458876,16.011642629458876
9.41210163767704,1.0,1,9.41210163767704,1.0,1,9.41210163767704,1.0,1,9.41210163767704,1.0,1,0,9.41210163767704,9.41210163767704
,1.0,0,54.263118655869626,1.0,1,59.68943052145659,1.0,1,59.68943052145659,1.0,1,2,54.263118655869626,57.88065989959427
,1.0,0,,1.0,0,60.19731790639526,1.0,1,60.19731790639526,1.0,1,1,60.19731790639526,60.19731790639526
,1.0,0,,1.1,0,,1.0,0,36.79022999402265,1.0,1,4,33.44566363092968,36.79022999402265
3.1075740078545855,1.0,1,3.1075740078545855,1.0,1,3.1075740078545855,1.0,1,3.1075740078545855,1.0,1,2,3.1075740078545855,3.1075740078545855
,1.0,0,75.28399026034526,1.0,1,75.28399026034526,1.0,1,75.28399026034526,1.0,1,3,75.28399026034526,75.28399026034526
,1.0,0,,1.1,0,41.50585063649914,1.0,1,41.50585063649914,1.0,1,4,41.50585063649914,41.50585063649914
,1.0,0,,1.0,0,,1.0,0,13.306400700958054,1.0,1,0,13.306400700958054,13.306400700958054
35.12333336172582,1.0,1,35.12333336172582,1.0,1,35.12333336172582,1.0,1,35.12333336172582,1.0,1,0,35.12333336172582,35.12333336172582
,1.0,0,49.27301516054436,1.0,1,49.27301516054436,1.0,1,49.27301516054436,1.0,1,1,49.27301516054436,49.27301516054436
,1.0,0,,1.1,0,31.062048933614385,1.0,1,31.062048933614385,1.0,1,4,31.062048933614385,31.062048933614385
,1.0,0,,1.0,0,,1.0,0,4.672957069307038,1.0,1,2,4.672957069307038,4.672957069307038
0.5220765881205791,1.0,1,0.5220765881205791,1.0,1,0.5220765881205791,1.0,1,0.5220765881205791,1.0,1,0,0.5220765881205791,0.5220765881205791
,1.0,0,50.135605866193714,1.0,1,50.135605866193714,1.0,1,50.135605866193714,1.0,1,3,50.135605866193714,50.135605866193714
,1.0,0,,1.0,0,13.295984574697773,1.0,1,13.295984574697773,1.0,1,2,13.295984574697773,13.295984574697773
,1.0,0,,1.0,0,,1.0,0,56.34498967921998,1.0,1,1,56.34498967921998,56.34498967921998
65.0858875154405,1.0,1,65.0858875154405,1.0,1,65.0858875154405,1.0,1,65.0858875154405,1.0,1,3,65.0858875154405,65.0858875154405
,1.0,0,39.082833474153624,1.0,1,39.082833474153624,1.0,1,39.082833474153624,1.0,1,0,39.082833474153624,39.082833474153624
,1.0,0,,1.1,0,54.521063535767226,1.0,1,54.521063535767226,1.0,1,4,54.521063535767226,54.521063535767226
,1.0,0,,1.0,0,,1.0,0,28.217562776290627,1.0,1,2,28.217562776290627,28.217562776290627
23.03110707047621,1.0,1,23.03110707047621,1.0,1,23.03110707047621,1.0,1,23.03110707047621,1.0,1,2,23.03110707047621,23.03110707047621
,1.0,0,75.32770314918857,1.0,1,68.47973013562596,1.0,1,68.47973013562596,1.1,1,4,68.47973013562596,70.76238780681349
,1.0,0,2.4177777136245915,1.0,1,,1.0,0,2.4177777136245915,1.0,1,1,2.4177777136245915,2.4177777136245915
,1.0,0,,1.0,0,,1.0,0,9.207064801907839,1.0,1,0,9.207064801907839,9.207064801907839
13.338020773170756,1.0,1,13.338020773170756,1.0,1,13.338020773170756,1.0,1,13.338020773170756,1.0,1,3,13.338020773170756,13.338020773170756
,1.0,0,94.20542655163892,1.0,1,94.20542655163892,1.0,1,94.20542655163892,1.0,1,2,94.20542655163892,94.20542655163892
,1.0,0,,1.0,0,69.54273597121453,1.0,1,69.54273597121453,1.0,1,1,69.54273597121453,69.54273597121453
,1.0,0,,1.0,0,,1.0,0,68.82553249230601,1.0,1,4,62.56866590209636,68.82553249230601
34.50553622570093,1.0,1,34.50553622570093,1.0,1,34.50553622570093,1.0,1,34.50553622570093,1.0,1,3,34.50553622570093,34.50553622570093
,1.0,0,90.65658708970432,1.0,1,90.65658708970432,1.0,1,90.65658708970432,1.0,1,2,90.65658708970432,90.65658708970432
,1.0,0,,1.0,0,61.22980143459421,1.0,1,61.22980143459421,1.0,1,4,61.22980143459421,61.22980143459421
,1.0,0,,1.0,0,,1.0,0,76.18401850184526,1.0,1,1,76.18401850184526,76.18401850184526
5.060604715631866,1.0,1,5.060604715631866,1.0,1,5.060604715631866,1.0,1,5.060604715631866,1.0,1,1,5.060604715631866,5.060604715631866
,1.0,0,2.0763902542691337,1.0,1,2.0763902542691337,1.0,1,2.0763902542691337,1.0,1,0,2.0763902542691337,2.0763902542691337
,1.0,0,,1.0,0,11.082191113827488,1.0,1,11.082191113827488,1.0,1,4,11.082191113827488,11.082191113827488
,1.0,0,,1.0,0,,1.0,0,42.76127125946978,1.0,1,3,42.76127125946978,42.76127125946978
40.29659590097976,1.0,1,40.29659590097976,1.0,1,40.29659590097976,1.0,1,40.29659590097976,1.0,1,2,40.29659590097976,40.29659590097976
,1.0,0,44.06709525298691,1.0,1,44.06709525298691,1.0,1,44.06709525298691,1.0,1,4,44.06709525298691,44.06709525298691
,1.0,0,,1.0,0,55.711425346194,1.0,1,55.711425346194,1.0,1,0,55.711425346194,55.711425346194
,1.0,0,,1.0,0,,1.0,0,32.8776271279041,1.0,1,1,32.8776271279041,32.8776271279041
54.48439374779136,1.0,1,54.48439374779136,1.0,1,54.48439374779136,1.0,1,54.48439374779136,1.0,1,1,54.48439374779136,54.48439374779136
,1.0,0,89.9450109479378,1.0,1,89.9450109479378,1.0,1,89.9450109479378,1.0,1,4,89.9450109479378,89.9450109479378
,1.0,0,,1.0,0,14.461037837110469,1.0,1,14.461037837110469,1.0,1,3,14.461037837110469,14.461037837110469
,1.0,0,,1.0,0,,1.0,0,52.408086675718415,1.0,1,2,52.408086675718415,52.408086675718415
52.19456051169858,1.0,1,52.19456051169858,1.0,1,52.19456051169858,1.0,1,52.19456051169858,1.0,1,0,52.19456051169858,52.19456051169858
,1.0,0,38.02243709538485,1.0,1,38.02243709538485,1.0,1,38.02243709538485,1.0,1,4,38.02243709538485,38.02243709538485
,1.0,0,,1.0,0,39.55998114279075,1.0,1,39.55998114279075,1.0,1,2,39.55998114279075,39.55998114279075
,1.0,0,,1.0,0,,1.0,0,95.12219099212412,1.0,1,3,95.12219099212412,95.12219099212412
42.388360111871926,1.0,1,42.388360111871926,1.0,1,42.388360111871926,1.0,1,42.388360111871926,1.0,1,4,42.388360111871926,42.388360111871926
,1.0,0,57.95199121817356,1.0,1,57.95199121817356,1.0,1,57.95199121817356,1.0,1,0,57.95199121817356,57.95199121817356
,1.0,0,,1.0,0,67.48272902217653,1.0,1,67.48272902217653,1.0,1,3,67.48272902217653,67.48272902217653
,1.0,0,,1.0,0,,1.0,0,11.093937610253658,1.0,1,2,11.093937610253658,11.093937610253658
94.58003629175158,1.0,1,94.58003629175158,1.0,1,94.58003629175158,1.0,1,94.58003629175158,1.0,1,2,94.58003629175158,94.58003629175158
,1.0,0,56.944447184279035,1.0,1,56.944447184279035,1.0,1,56.944447184279035,1.0,1,0,56.944447184279035,56.944447184279035
,1.0,0,,1.0,0,33.25006697476219,1.0,1,33.25006697476219,1.0,1,4,33.25006697476219,33.25006697476219
,1.0,0,,1.0,0,,1.0,0,12.058276497306618,1.0,1,3,12.058276497306618,12.058276497306618
57.64223627498143,1.0,1,57.64223627498143,1.0,1,57.64223627498143,1.0,1,57.64223627498143,1.0,1,4,57.64223627498143,57.64223627498143
,1.0,0,89.97204541290206,1.0,1,89.97204541290206,1.0,1,89.97204541290206,1.0,1,0,89.97204541290206,89.97204541290206
,1.0,0,,1.0,0,5.986617036645714,1.0,1,5.986617036645714,1.0,1,1,5.986617036645714,5.986617036645714
,1.0,0,,1.0,0,,1.0,0,25.96088307290929,1.0,1,2,25.96088307290929,25.96088307290929
78.72100621871694,1.0,1,78.72100621871694,1.0,1,78.72100621871694,1.0,1,78.72100621871694,1.0,1,3,78.72100621871694,78.72100621871694
,1.0,0,61.99497352907714,1.0,1,61.99497352907714,1.1,1,61.99497352907714,1.1,1,2,61.99497352907714,61.99497352907715
,1.0,0,,1.0,0,66.25815971145154,1.0,1,66.25815971145154,1.0,1,4,66.25815971145154,66.25815971145154
,1.0,0,,1.0,0,,1.0,0,94.68621715556847,1.0,1,1,94.68621715556847,94.68621715556847
92.24634722888145,1.0,1,92.24634722888145,1.0,1,92.24634722888145,1.0,1,92.24634722888145,1.0,1,3,92.24634722888145,92.24634722888145
,1.0,0,34.79954054303016,1.0,1,34.79954054303016,1.0,1,34.79954054303016,1.0,1,0,34.79954054303016,34.79954054303016
,1.0,0,,1.0,0,73.54387225172813,1.0,1,73.54387225172813,1.0,1,1,73.54387225172813,73.54387225172813
,1.0,0,,1.0,0,,1.0,0,81.31210937351744,1.0,1,4,81.31210937351744,81.31210937351744
97.16876251150872,1.0,1,97.16876251150872,1.0,1,97.16876251150872,1.0,1,97.16876251150872,1.0,1,4,97.16876251150872,97.16876251150872
,1.0,0,56.21230736827501,1.0,1,56.21230736827501,1.0,1,56.21230736827501,1.0,1,0,56.21230736827501,56.21230736827501
,1.0,0,,1.0,0,65.65560599282408,1.0,1,65.65560599282408,1.0,1,3,65.65560599282408,65.65560599282408
,1.0,0,,1.0,0,,1.0,0,16.227444254137467,1.0,1,1,16.227444254137467,16.227444254137467
4.321905018901873,1.0,1,4.321905018901873,1.0,1,4.321905018901873,1.0,1,4.321905018901873,1.0,1,4,4.321905018901873,4.321905018901873
,1.0,0,75.25525264520714,1.0,1,75.25525264520714,1.0,1,75.25525264520714,1.0,1,1,75.25525264520714,75.25525264520714
,1.0,0,,1.0,0,90.99835952159381,1.0,1,90.99835952159381,1.0,1,3,90.99835952159381,90.99835952159381
,1.0,0,,1.0,0,,1.1,0,71.56902842271366,1.0,1,2,65.06275311155787,71.56902842271366
15.20581426715798,1.0,1,15.20581426715798,1.0,1,15.20581426715798,1.0,1,15.20581426715798,1.0,1,1,15.20581426715798,15.20581426715798
,1.0,0,93.2328142745192,1.0,1,93.2328142745192,1.0,1,93.2328142745192,1.0,1,4,93.2328142745192,93.23281427451919
,1.0,0,99.27317062669472,1.0,1,,1.1,0,99.27317062669472,1.0,1,2,99.27317062669472,99.27317062669472
,1.0,0,,1.0,0,,1.0,0,45.62183452625624,1.0,1,3,45.62183452625624,45.62183452625624
88.50485325491934,1.0,1,88.50485325491934,1.0,1,88.50485325491934,1.0,1,88.50485325491934,1.0,1,1,88.50485325491934,88.50485325491934
,1.0,0,27.79241637200768,1.0,1,27.79241637200768,1.0,1,27.79241637200768,1.0,1,3,27.79241637200768,27.79241637200768
,1.0,0,,1.0,0,6.555620075723622,1.0,1,6.555620075723622,1.0,1,4,6.555620075723622,6.555620075723622
,1.0,0,,1.0,0,,1.0,0,55.86578432559948,1.0,1,0,55.86578432559948,55.86578432559948
61.29896397415008,1.0,1,61.29896397415008,1.0,1,61.29896397415008,1.0,1,61.29896397415008,1.0,1,3,61.29896397415008,61.29896397415008
,1.0,0,34.67591621697335,1.0,1,38.143507838670686,1.0,1,34.67591621697335,1.1,1,2,34.67591621697335,35.83178009087246
,1.0,0,,1.0,0,6.6402333440731764,1.0,1,6.6402333440731764,1.0,1,0,6.6402333440731764,6.6402333440731764
,1.0,0,,1.0,0,,1.0,0,0.48914185818488276,1.0,1,4,0.48914185818488276,0.48914185818488276
18.196398903678322,1.0,1,18.196398903678322,1.1,1,18.196398903678322,1.1,1,20.016038794046157,1.0,1,2,18.196398903678322,18.65130887627028
,1.0,0,40.18014461941413,1.0,1,40.18014461941413,1.0,1,40.18014461941413,1.0,1,3,40.18014461941413,40.18014461941413
,1.0,0,,1.0,0,22.123064924214475,1.0,1,22.123064924214475,1.0,1,0,22.123064924214475,22.123064924214475
,1.0,0,,1.0,0,,1.0,0,19.741043841879403,1.0,1,1,19.741043841879403,19.741043841879403
43.51058756984916,1.0,1,43.51058756984916,1.0,1,43.51058756984916,1.0,1,43.51058756984916,1.0,1,1,43.51058756984916,43.51058756984916
,1.0,0,86.27050306724671,1.0,1,86.27050306724671,1.0,1,86.27050306724671,1.0,1,4,86.27050306724671,86.27050306724671
,1.0,0,,1.0,0,75.9017670209541,1.0,1,75.9017670209541,1.0,1,3,75.9017670209541,75.9017670209541
,1.0,0,,1.0,0,,1.0,0,30.88269219453128,1.0,1,0,30.88269219453128,30.88269219453128
49.12337350461091,1.0,1,54.035710855072004,1.0,1,54.035710855072004,1.0,1,49.12337350461091,1.1,1,2,49.12337350461091,51.579542179841454
,1.0,0,79.84238329085558,1.0,1,79.84238329085558,1.0,1,79.84238329085558,1.0,1,3,79.84238329085558,79.84238329085558
,1.0,0,,1.0,0,16.6045249915587,1.0,1,16.6045249915587,1.0,1,0,16.6045249915587,16.6045249915587
,1.0,0,,1.0,0,,1.0,0,90.0355933088869,1.0,1,1,90.0355933088869,90.0355933088869
43.82133636635241,1.0,1,43.82133636635241,1.0,1,43.82133636635241,1.0,1,43.82133636635241,1.0,1,4,43.82133636635241,43.82133636635241
,1.0,0,67.80093585417461,1.0,1,67.80093585417461,1.0,1,67.80093585417461,1.0,1,3,67.80093585417461,67.80093585417461
,1.0,0,,1.0,0,49.916226377059814,1.0,1,49.916226377059814,1.0,1,1,49.916226377059814,49.916226377059814
,1.0,0,,1.0,0,,1.0,0,70.16341090807326,1.0,1,0,70.16341090807326,70.16341090807326
98.6615201302408,1.0,1,98.6615201302408,1.0,1,98.6615201302408,1.0,1,98.6615201302408,1.0,1,1,98.6615201302408,98.6615201302408
,1.0,0,30.430495144016724,1.0,1,30.430495144016724,1.0,1,30.430495144016724,1.0,1,4,30.430495144016724,30.43049514401672
,1.0,0,11.85226482392875,1.0,1,11.85226482392875,1.0,1,,1.0,0,0,11.85226482392875,11.85226482392875
,1.0,0,,1.0,0,29.54348462328421,1.0,1,,1.1,0,2,29.54348462328421,29.54348462328421
67.31730817829246,1.0,1,67.31730817829246,1.0,1,67.31730817829246,1.0,1,67.31730817829246,1.0,1,0,67.31730817829246,67.31730817829246
,1.0,0,96.95076272201847,1.0,1,96.95076272201847,1.0,1,96.95076272201847,1.0,1,4,96.95076272201847,96.95076272201847
,1.0,0,,1.0,0,69.73747206422439,1.0,1,69.73747206422439,1.0,1,1,69.73747206422439,69.73747206422439
,1.0,0,,1.0,0,,1.0,0,15.754605352006415,1.0,1,2,14.322368501824013,15.754605352006415
40.37485195861801,1.0,1,40.37485195861801,1.0,1,40.37485195861801,1.0,1,40.37485195861801,1.0,1,4,40.37485195861801,40.37485195861801
,1.0,0,39.20762366357099,1.0,1,39.20762366357099,1.0,1,39.20762366357099,1.0,1,1,39.20762366357099,39.20762366357099
,1.0,0,,1.0,0,51.97959092938432,1.0,1,51.97959092938432,1.0,1,3,51.97959092938432,51.97959092938432
,1.0,0,,1.0,0,,1.0,0,98.61307966688354,1.0,1,2,98.61307966688354,98.61307966688354
48.19485903827251,1.0,1,48.19485903827251,1.0,1,48.19485903827251,1.0,1,48.19485903827251,1.0,1,2,48.19485903827251,48.19485903827251
,1.0,0,92.12224805755619,1.0,1,92.12224805755619,1.0,1,92.12224805755619,1.0,1,0,92.12224805755619,92.12224805755619
,1.0,0,,1.0,0,88.68385393952023,1.0,1,88.68385393952023,1.0,1,4,88.68385393952023,88.68385393952023
,1.0,0,,1.0,0,,1.0,0,16.079904223750518,1.0,1,3,16.079904223750518,16.079904223750518
78.22419442508878,1.0,1,78.22419442508878,1.0,1,78.22419442508878,1.0,1,78.22419442508878,1.0,1,3,78.22419442508878,78.22419442508878
,1.0,0,82.82293463134106,1.0,1,82.82293463134106,1.0,1,82.82293463134106,1.0,1,1,82.82293463134106,82.82293463134106
,1.0,0,,1.0,0,91.73717873236812,1.0,1,91.73717873236812,1.0,1,2,91.73717873236812,91.73717873236812
,1.0,0,,1.0,0,,1.0,0,78.07004419634774,1.0,1,0,78.07004419634774,78.07004419634774
39.536173613968195,1.0,1,39.536173613968195,1.0,1,39.536173613968195,1.0,1,39.536173613968195,1.0,1,4,39.536173613968195,39.536173613968195
,1.0,0,24.309873738591715,1.0,1,24.309873738591715,1.0,1,24.309873738591715,1.0,1,2,24.309873738591715,24.309873738591715
,1.0,0,,1.0,0,15.197562789596608,1.0,1,15.197562789596608,1.0,1,0,15.197562789596608,15.197562789596608
,1.0,0,,1.0,0,,1.0,0,5.089515697070135,1.0,1,3,5.089515697070135,5.089515697070135
89.89805160544108,1.0,1,89.89805160544108,1.0,1,89.89805160544108,1.0,1,89.89805160544108,1.0,1,1,89.89805160544108,89.89805160544108
,1.0,0,44.05389155244773,1.0,1,44.05389155244773,1.0,1,44.05389155244773,1.0,1,3,44.05389155244773,44.05389155244773
,1.0,0,,1.0,0,14.65626335801067,1.0,1,14.65626335801067,1.0,1,2,14.65626335801067,14.65626335801067
,1.0,0,,1.0,0,,1.0,0,20.784137119578904,1.0,1,4,20.784137119578904,20.784137119578904
38.80869046171706,1.0,1,38.80869046171706,1.0,1,38.80869046171706,1.0,1,38.80869046171706,1.0,1,1,38.80869046171706,38.80869046171706
,1.0,0,73.10590328359974,1.0,1,73.10590328359974,1.0,1,73.10590328359974,1.0,1,3,73.10590328359974,73.10590328359974
,1.0,0,,1.0,0,67.69741974987315,1.0,1,67.69741974987315,1.0,1,4,67.69741974987315,67.69741974987315
,1.0,0,,1.0,0,,1.0,0,70.57458830263838,1.0,1,0,70.57458830263838,70.57458830263838
53.71890060209144,1.0,1,53.71890060209144,1.0,1,53.71890060209144,1.0,1,53.71890060209144,1.0,1,2,53.71890060209144,53.71890060209144
,1.0,0,17.09466484412454,1.0,1,17.09466484412454,1.0,1,17.09466484412454,1.0,1,0,17.09466484412454,17.09466484412454
,1.0,0,,1.0,0,26.66177277906867,1.0,1,26.66177277906867,1.0,1,4,26.66177277906867,26.66177277906867
,1.0,0,,1.0,0,,1.0,0,30.707925705985183,1.0,1,1,30.707925705985183,30.707925705985183
26.04155760009984,1.0,1,26.04155760009984,1.0,1,26.04155760009984,1.0,1,26.04155760009984,1.0,1,1,26.04155760009984,26.04155760009984
,1.0,0,66.91617009020845,1.0,1,66.91617009020845,1.0,1,66.91617009020845,1.0,1,4,66.91617009020845,66.91617009020845
,1.0,0,,1.0,0,49.628165746399745,1.0,1,49.628165746399745,1.0,1,0,49.628165746399745,49.628165746399745
,1.0,0,,1.0,0,,1.0,0,67.72612186897284,1.0,1,3,67.72612186897284,67.72612186897284
98.57805235017906,1.0,1,98.57805235017906,1.0,1,98.57805235017906,1.0,1,98.57805235017906,1.0,1,1,98.57805235017906,98.57805235017906
,1.0,0,83.96880337861062,1.0,1,83.96880337861062,1.0,1,83.96880337861062,1.0,1,4,83.96880337861062,83.96880337861062
,1.0,0,,1.0,0,95.85858057851392,1.0,1,95.85858057851392,1.0,1,3,95.85858057851392,95.85858057851392
,1.0,0,,1.0,0,,1.0,0,93.21555317999626,1.0,1,2,93.21555317999626,93.21555317999626
16.632192931650934,1.0,1,16.632192931650934,1.0,1,16.632192931650934,1.0,1,16.632192931650934,1.0,1,0,16.632192931650934,16.632192931650934
,1.0,0,12.464176816946093,1.0,1,12.464176816946093,1.0,1,12.464176816946093,1.0,1,1,12.464176816946093,12.464176816946093
,1.0,0,,1.0,0,77.90943436012905,1.0,1,77.90943436012905,1.0,1,3,77.90943436012905,77.90943436012905
,1.0,0,,1.0,0,,1.0,0,34.18957087473541,1.0,1,2,34.18957087473541,34.18957087473541
41.35221614284611,1.0,1,41.35221614284611,1.0,1,41.35221614284611,1.0,1,41.35221614284611,1.0,1,2,41.35221614284611,41.35221614284611
,1.0,0,29.644312245225002,1.0,1,29.644312245225002,1.1,1,29.644312245225002,1.1,1,1,29.644312245225002,29.644312245225006
,1.0,0,,1.0,0,34.19396654635204,1.0,1,34.19396654635204,1.0,1,4,34.19396654635204,34.19396654635204
,1.0,0,,1.0,0,,1.0,0,5.569669128450316,1.0,1,3,5.569669128450316,5.569669128450316
55.7361018994025,1.0,1,55.7361018994025,1.0,1,55.7361018994025,1.0,1,55.7361018994025,1.0,1,3,55.7361018994025,55.7361018994025
,1.0,0,43.66166784101226,1.0,1,43.66166784101226,1.0,1,43.66166784101226,1.0,1,4,43.66166784101226,43.66166784101225
,1.0,0,22.987493538213112,1.0,1,22.987493538213112,1.0,1,,1.0,0,0,22.987493538213112,22.987493538213112
,1.0,0,,1.0,0,30.76579965861589,1.0,1,,1.1,0,1,27.968908780559897,30.76579965861589
1.2548593539118968,1.0,1,1.2548593539118968,1.0,1,1.2548593539118968,1.0,1,1.2548593539118968,1.0,1,4,1.2548593539118968,1.2548593539118968
,1.0,0,88.42923626577048,1.0,1,88.42923626577048,1.0,1,88.42923626577048,1.0,1,0,88.42923626577048,88.42923626577048
,1.0,0,,1.0,0,41.69942585584307,1.0,1,41.69942585584307,1.0,1,2,41.69942585584307,41.69942585584307
,1.0,0,,1.0,0,,1.0,0,81.34467673837109,1.0,1,3,81.34467673837109,81.34467673837109
6.19308278575369,1.0,1,6.19308278575369,1.0,1,6.19308278575369,1.0,1,6.19308278575369,1.0,1,4,6.19308278575369,6.19308278575369
,1.0,0,44.923764081673966,1.0,1,44.923764081673966,1.1,1,49.41614048984137,1.0,1,1,44.923764081673966,46.421222884396435
,1.0,0,,1.0,0,43.69289708376054,1.0,1,43.69289708376054,1.0,1,2,43.69289708376054,43.69289708376054
,1.0,0,,1.0,0,,1.0,0,23.076061752311972,1.0,1,3,23.076061752311972,23.076061752311972
5.575513813323296,1.0,1,5.575513813323296,1.0,1,5.575513813323296,1.0,1,5.575513813323296,1.0,1,2,5.575513813323296,5.575513813323296
,1.0,0,39.22589089319584,1.0,1,43.148479982515425,1.0,1,39.22589089319584,1.1,1,1,39.22589089319584,40.5334205896357
,1.0,0,,1.0,0,59.01494856531596,1.0,1,59.01494856531596,1.0,1,4,59.01494856531596,59.01494856531596
,1.0,0,,1.0,0,,1.0,0,27.63438717919029,1.0,1,3,27.63438717919029,27.63438717919029
6.942917651131387,1.0,1,6.942917651131387,1.0,1,6.942917651131387,1.0,1,6.942917651131387,1.0,1,3,6.942917651131387,6.942917651131387
,1.0,0,29.006816906640744,1.0,1,29.006816906640744,1.0,1,29.006816906640744,1.0,1,4,29.006816906640744,29.00681690664074
,1.0,0,25.107182757672184,1.0,1,25.107182757672184,1.0,1,,1.0,0,2,25.107182757672184,25.107182757672184
,1.0,0,,1.0,0,24.253835058655106,1.0,1,,1.0,0,0,24.253835058655106,24.253835058655106
26.2601508609696,1.0,1,26.2601508609696,1.0,1,26.2601508609696,1.0,1,26.2601508609696,1.0,1,2,26.2601508609696,26.2601508609696
,1.0,0,92.2218631244646,1.0,1,92.2218631244646,1.0,1,92.2218631244646,1.0,1,4,92.2218631244646,92.2218631244646
,1.0,0,,1.0,0,98.89890497534256,1.0,1,108.78879547287683,1.0,1,1,98.89890497534256,103.8438502241097
,1.0,0,,1.0,0,,1.0,0,18.872228440411398,1.0,1,3,18.872228440411398,18.872228440411398
3.8837083771983583,1.0,1,3.8837083771983583,1.0,1,3.8837083771983583,1.0,1,3.8837083771983583,1.0,1,2,3.8837083771983583,3.8837083771983583
,1.0,0,74.44708754735447,1.0,1,74.44708754735447,1.0,1,74.44708754735447,1.0,1,4,74.44708754735447,74.44708754735447
,1.0,0,,1.0,0,52.641710985333845,1.0,1,52.641710985333845,1.0,1,3,52.641710985333845,52.641710985333845
,1.0,0,,1.0,0,,1.0,0,87.10044089716466,1.0,1,1,87.10044089716466,87.10044089716466
11.785745986863327,1.0,1,11.785745986863327,1.0,1,11.785745986863327,1.0,1,11.785745986863327,1.0,1,0,11.785745986863327,11.785745986863327
,1.0,0,34.59589649041094,1.0,1,34.59589649041094,1.0,1,34.59589649041094,1.0,1,1,34.59589649041094,34.59589649041094
,1.0,0,,1.0,0,52.426626549966436,1.0,1,52.426626549966436,1.0,1,3,52.426626549966436,52.426626549966436
,1.0,0,,1.0,0,,1.0,0,16.09212948615044,1.0,1,2,16.09212948615044,16.09212948615044
80.12593718562331,1.0,1,80.12593718562331,1.0,1,80.12593718562331,1.0,1,80.12593718562331,1.0,1,1,80.12593718562331,80.12593718562331
,1.0,0,52.678375212935435,1.0,1,52.678375212935435,1.0,1,52.678375212935435,1.0,1,4,52.678375212935435,52.678375212935435
,1.0,0,,1.0,0,80.53179366777084,1.0,1,80.53179366777084,1.0,1,0,80.53179366777084,80.53179366777084
,1.0,0,,1.0,0,,1.0,0,54.923760617618754,1.0,1,2,54.923760617618754,54.923760617618754
3.7821498678691445,1.0,1,3.7821498678691445,1.0,1,3.7821498678691445,1.0,1,3.7821498678691445,1.0,1,0,3.7821498678691445,3.7821498678691445
,1.0,0,27.816810320678997,1.0,1,27.816810320678997,1.0,1,27.816810320678997,1.0,1,1,27.816810320678997,27.816810320678997
,1.0,0,,1.0,0,90.58086636052629,1.0,1,90.58086636052629,1.0,1,4,90.58086636052629,90.58086636052629
,1.0,0,,1.0,0,,1.0,0,5.45820841109853,1.0,1,2,5.45820841109853,5.45820841109853
37.595443134665715,1.0,1,37.595443134665715,1.0,1,37.595443134665715,1.0,1,37.595443134665715,1.0,1,1,37.595443134665715,37.595443134665715
,1.0,0,99.9067383266811,1.0,1,99.9067383266811,1.0,1,99.9067383266811,1.0,1,3,99.9067383266811,99.9067383266811
,1.0,0,,1.0,0,77.94923018684325,1.0,1,77.94923018684325,1.0,1,0,77.94923018684325,77.94923018684325
,1.0,0,,1.0,0,,1.0,0,48.65347617373976,1.0,1,4,48.65347617373976,48.65347617373976
52.85440086508548,1.0,1,52.85440086508548,1.0,1,52.85440086508548,1.0,1,52.85440086508548,1.0,1,4,52.85440086508548,52.85440086508548
,1.0,0,74.11353530902969,1.0,1,74.11353530902969,1.0,1,74.11353530902969,1.0,1,0,74.11353530902969,74.11353530902969
,1.0,0,,1.0,0,6.937196723272365,1.0,1,6.937196723272365,1.0,1,2,6.937196723272365,6.937196723272365
,1.0,0,,1.0,0,,1.0,0,54.89136683289008,1.0,1,3,54.89136683289008,54.89136683289008
6.938360436976998,1.0,1,6.938360436976998,1.0,1,6.938360436976998,1.0,1,6.938360436976998,1.0,1,4,6.938360436976998,6.938360436976998
,1.0,0,13.82041046817577,1.0,1,13.82041046817577,1.1,1,13.82041046817577,1.1,1,2,13.82041046817577,13.820410468175771
,1.0,0,,1.0,0,60.93638594798296,1.0,1,60.93638594798296,1.0,1,3,60.93638594798296,60.93638594798296
,1.0,0,,1.0,0,,1.0,0,71.13918961591234,1.0,1,0,71.13918961591234,71.13918961591234
73.05861143828005,1.0,1,73.05861143828005,1.0,1,73.05861143828005,1.0,1,73.05861143828005,1.0,1,4,73.05861143828005,73.05861143828005
,1.0,0,94.69444165414332,1.0,1,94.69444165414332,1.0,1,94.69444165414332,1.0,1,0,94.69444165414332,94.69444165414332
,1.0,0,,1.0,0,79.36227996868372,1.0,1,79.36227996868372,1.0,1,2,72.14752724425793,79.36227996868372
,1.0,0,,1.0,0,,1.0,0,12.620952733034219,1.0,1,3,12.620952733034219,12.620952733034219
87.68121382616135,1.0,1,87.68121382616135,1.0,1,87.68121382616135,1.0,1,87.68121382616135,1.0,1,1,87.68121382616135,87.68121382616135
,1.0,0,80.21304575915265,1.0,1,80.21304575915265,1.0,1,80.21304575915265,1.0,1,4,80.21304575915265,80.21304575915265
,1.0,0,,1.0,0,43.36491341371641,1.0,1,43.36491341371641,1.0,1,3,43.36491341371641,43.36491341371641
,1.0,0,,1.0,0,,1.0,0,12.162640869235663,1.0,1,2,12.162640869235663,12.162640869235663
99.48453746445202,1.0,1,99.48453746445202,1.0,1,99.48453746445202,1.0,1,99.48453746445202,1.0,1,0,99.48453746445202,99.48453746445202
,1.0,0,87.29405446718931,1.0,1,87.29405446718931,1.0,1,87.29405446718931,1.0,1,1,87.29405446718931,87.29405446718931
,1.0,0,,1.0,0,95.92483447031671,1.0,1,95.92483447031671,1.0,1,2,95.92483447031671,95.92483447031671
,1.0,0,,1.0,0,,1.0,0,96.48959323633528,1.0,1,4,96.48959323633528,96.48959323633528
45.59925034311041,1.0,1,45.59925034311041,1.0,1,45.59925034311041,1.0,1,45.59925034311041,1.0,1,2,45.59925034311041,45.59925034311041
,1.0,0,59.59842582354672,1.0,1,59.59842582354672,1.0,1,59.59842582354672,1.0,1,0,59.59842582354672,59.59842582354671
,1.0,0,65.12226810780936,1.0,1,65.12226810780936,1.0,1,,1.0,0,4,65.12226810780936,65.12226810780936
,1.0,0,,1.0,0,65.49217762716447,1.0,1,,1.0,0,3,65.49217762716447,65.49217762716447
38.397947270702645,1.0,1,38.397947270702645,1.0,1,38.397947270702645,1.0,1,38.397947270702645,1.0,1,1,38.397947270702645,38.397947270702645
,1.0,0,55.62526641112373,1.0,1,55.62526641112373,1.0,1,55.62526641112373,1.0,1,4,55.62526641112373,55.62526641112373
,1.0,0,,1.0,0,17.232233460485958,1.0,1,17.232233460485958,1.0,1,3,17.232233460485958,17.232233460485958
,1.0,0,,1.0,0,,1.0,0,47.83930813195373,1.0,1,2,47.83930813195373,47.83930813195373
19.246151360648845,1.0,1,19.246151360648845,1.0,1,19.246151360648845,1.0,1,19.246151360648845,1.0,1,0,19.246151360648845,19.246151360648845
,1.0,0,88.89474890377723,1.0,1,88.89474890377723,1.0,1,88.89474890377723,1.0,1,4,88.89474890377723,88.89474890377723
,1.0,0,,1.0,0,80.72912773891613,1.0,1,80.72912773891613,1.0,1,1,80.72912773891613,80.72912773891613
,1.0,0,,1.0,0,,1.0,0,94.3075719588776,1.0,1,2,94.3075719588776,94.3075719588776
24.39597163911893,1.0,1,24.39597163911893,1.0,1,24.39597163911893,1.0,1,24.39597163911893,1.0,1,0,24.39597163911893,24.39597163911893
,1.0,0,28.31522496443073,1.0,1,28.31522496443073,1.0,1,28.31522496443073,1.0,1,1,28.31522496443073,28.31522496443073
,1.0,0,,1.0,0,68.3795279252281,1.0,1,68.3795279252281,1.0,1,4,68.3795279252281,68.3795279252281
,1.0,0,,1.0,0,,1.0,0,48.807076406549065,1.0,1,2,48.807076406549065,48.807076406549065
12.598246685814718,1.0,1,12.598246685814718,1.0,1,12.598246685814718,1.0,1,12.598246685814718,1.0,1,4,12.598246685814718,12.598246685814718
,1.0,0,78.2566116570142,1.0,1,78.2566116570142,1.0,1,78.2566116570142,1.0,1,2,78.2566116570142,78.2566116570142
,1.0,0,,1.0,0,16.590843826769973,1.0,1,16.590843826769973,1.0,1,3,16.590843826769973,16.590843826769973
,1.0,0,,1.0,0,,1.0,0,6.32333969580271,1.0,1,0,6.32333969580271,6.32333969580271
24.02846293194303,1.0,1,24.02846293194303,1.0,1,24.02846293194303,1.0,1,24.02846293194303,1.0,1,4,24.02846293194303,24.02846293194303
,1.0,0,9.902961805959276,1.0,1,9.902961805959276,1.0,1,9.902961805959276,1.0,1,1,9.902961805959276,9.902961805959276
,1.0,0,,1.0,0,83.73034615101048,1.0,1,83.73034615101048,1.0,1,2,83.73034615101048,83.73034615101048
,1.0,0,,1.0,0,,1.0,0,26.8579241243468,1.0,1,3,26.8579241243468,26.8579241243468
75.7663604022084,1.0,1,75.7663604022084,1.0,1,75.7663604022084,1.0,1,75.7663604022084,1.0,1,4,75.7663604022084,75.7663604022084
,1.0,0,8.13283178061599,1.0,1,8.13283178061599,1.0,1,8.13283178061599,1.0,1,1,8.13283178061599,8.13283178061599
,1.0,0,,1.0,0,30.086052606248447,1.0,1,30.086052606248447,1.0,1,3,30.086052606248447,30.086052606248447
,1.0,0,,1.0,0,,1.0,0,24.93865198002926,1.0,1,2,24.93865198002926,24.93865198002926
50.338591533389696,1.0,1,50.338591533389696,1.0,1,50.338591533389696,1.0,1,50.338591533389696,1.0,1,3,50.338591533389696,50.338591533389696
,1.0,0,31.47692904758398,1.0,1,31.47692904758398,1.0,1,31.47692904758398,1.0,1,0,31.47692904758398,31.47692904758398
,1.0,0,,1.0,0,48.72301351369932,1.0,1,48.72301351369932,1.0,1,1,48.72301351369932,48.72301351369932
,1.0,0,,1.0,0,,1.0,0,95.38370666962889,1.0,1,4,95.38370666962889,95.38370666962889
0.7283976257468017,1.0,1,0.7283976257468017,1.0,1,0.7283976257468017,1.0,1,0.7283976257468017,1.0,1,0,0.7283976257468017,0.7283976257468017
,1.0,0,56.62822273555042,1.0,1,56.62822273555042,1.0,1,56.62822273555042,1.0,1,2,56.62822273555042,56.62822273555042
,1.0,0,,1.0,0,28.69557980775691,1.0,1,28.69557980775691,1.0,1,3,28.69557980775691,28.69557980775691
,1.0,0,,1.0,0,,1.0,0,67.74200025544505,1.0,1,1,67.74200025544505,67.74200025544505
77.7757263828361,1.0,1,77.7757263828361,1.0,1,77.7757263828361,1.0,1,77.7757263828361,1.0,1,4,77.7757263828361,77.7757263828361
,1.0,0,93.5305433389544,1.0,1,93.5305433389544,1.0,1,93.5305433389544,1.0,1,3,93.5305433389544,93.53054333895439
,1.0,0,9.908248681759845,1.0,1,9.908248681759845,1.0,1,,1.0,0,1,9.908248681759845,9.908248681759845
,1.0,0,,1.0,0,4.195675293173629,1.0,1,,1.0,0,0,4.195675293173629,4.195675293173629
84.03582195282445,1.0,1,84.03582195282445,1.0,1,84.03582195282445,1.0,1,84.03582195282445,1.0,1,2,84.03582195282445,84.03582195282445
,1.0,0,12.247444130070551,1.0,1,12.247444130070551,1.1,1,12.247444130070551,1.1,1,3,12.247444130070551,12.247444130070553
,1.0,0,,1.0,0,32.374725111070525,1.0,1,32.374725111070525,1.0,1,4,32.374725111070525,32.374725111070525
,1.0,0,,1.0,0,,1.0,0,68.69870929973493,1.0,1,1,68.69870929973493,68.69870929973493
71.93377340650771,1.0,1,71.93377340650771,1.0,1,71.93377340650771,1.0,1,71.93377340650771,1.0,1,0,71.93377340650771,71.93377340650771
,1.0,0,18.61388096437766,1.0,1,18.61388096437766,1.0,1,18.61388096437766,1.0,1,2,18.61388096437766,18.61388096437766
,1.0,0,,1.0,0,91.70685293917019,1.0,1,91.70685293917019,1.0,1,4,91.70685293917019,91.70685293917019
,1.0,0,,1.0,0,,1.1,0,108.61288222598974,1.0,1,3,98.73898384180885,108.61288222598974
33.44712308846345,1.0,1,33.44712308846345,1.1,1,36.7918353973098,1.0,1,33.44712308846345,1.1,1,3,33.44712308846345,34.283301165675034
,1.0,0,52.09907256007025,1.0,1,52.09907256007025,1.0,1,52.09907256007025,1.0,1,0,52.09907256007025,52.09907256007025
,1.0,0,,1.0,0,87.37211973066488,1.0,1,87.37211973066488,1.0,1,4,87.37211973066488,87.37211973066488
,1.0,0,,1.0,0,,1.0,0,5.3494484022056366,1.0,1,2,5.3494484022056366,5.3494484022056366
73.5680655610426,1.0,1,73.5680655610426,1.0,1,73.5680655610426,1.0,1,73.5680655610426,1.0,1,1,73.5680655610426,73.5680655610426
,1.0,0,61.99560302342223,1.0,1,56.35963911220202,1.0,1,61.99560302342223,1.0,1,3,56.35963911220202,60.11694838634883
,1.0,0,90.590478983983,1.0,1,,1.0,0,90.590478983983,1.0,1,2,90.590478983983,90.590478983983
,1.0,0,,1.0,0,,1.0,0,11.857221887314351,1.0,1,4,11.857221887314351,11.857221887314351
20.441417727931032,1.0,1,20.441417727931032,1.0,1,20.441417727931032,1.0,1,20.441417727931032,1.0,1,1,20.441417727931032,20.441417727931032
,1.0,0,90.63797549019736,1.0,1,90.63797549019736,1.0,1,90.63797549019736,1.0,1,0,90.63797549019736,90.63797549019735
,1.0,0,64.69820493171443,1.0,1,,1.0,0,64.69820493171443,1.0,1,2,64.69820493171443,64.69820493171443
,1.0,0,,1.0,0,,1.0,0,17.347846461446814,1.0,1,3,17.347846461446814,17.347846461446814
1.3439492387934626,1.0,1,1.3439492387934626,1.0,1,1.3439492387934626,1.0,1,1.3439492387934626,1.0,1,4,1.3439492387934626,1.3439492387934626
,1.0,0,8.461478869598027,1.0,1,8.461478869598027,1.0,1,8.461478869598027,1.0,1,0,8.461478869598027,8.461478869598027
,1.0,0,,1.0,0,42.38862702575853,1.0,1,42.38862702575853,1.0,1,1,42.38862702575853,42.38862702575853
,1.0,0,,1.0,0,,1.0,0,36.93513683935979,1.0,1,2,36.93513683935979,36.93513683935979
5.56530478609083,1.0,1,5.56530478609083,1.0,1,5.56530478609083,1.0,1,5.56530478609083,1.0,1,1,5.56530478609083,5.56530478609083
,1.0,0,29.024167989878556,1.0,1,29.024167989878556,1.1,1,29.024167989878556,1.1,1,0,29.024167989878556,29.02416798987856
,1.0,0,,1.0,0,1.446513758918,1.0,1,1.446513758918,1.0,1,3,1.446513758918,1.446513758918
,1.0,0,,1.0,0,,1.0,0,27.665339501108143,1.0,1,2,27.665339501108143,27.665339501108143
62.770183845049274,1.0,1,62.770183845049274,1.0,1,62.770183845049274,1.0,1,62.770183845049274,1.0,1,4,62.770183845049274,62.770183845049274
,1.0,0,66.18290163094977,1.0,1,66.18290163094977,1.0,1,66.18290163094977,1.0,1,2,66.18290163094977,66.18290163094977
,1.0,0,,1.0,0,91.76748851108522,1.0,1,91.76748851108522,1.0,1,0,83.42498955553201,91.76748851108522
,1.0,0,,1.0,0,,1.0,0,56.24766031597825,1.0,1,1,56.24766031597825,56.24766031597825
88.56608154012144,1.0,1,88.56608154012144,1.0,1,88.56608154012144,1.0,1,88.56608154012144,1.0,1,3,88.56608154012144,88.56608154012144
,1.0,0,60.176235653391444,1.0,1,60.176235653391444,1.0,1,60.176235653391444,1.0,1,2,60.176235653391444,60.176235653391444
,1.0,0,,1.0,0,68.17085965668497,1.0,1,68.17085965668497,1.0,1,0,68.17085965668497,68.17085965668497
,1.0,0,,1.0,0,,1.0,0,2.791397355995784,1.0,1,4,2.791397355995784,2.791397355995784
87.77028067058492,1.0,1,87.77028067058492,1.0,1,87.77028067058492,1.0,1,87.77028067058492,1.0,1,3,87.77028067058492,87.77028067058492
,1.0,0,77.97475882653362,1.0,1,77.97475882653362,1.0,1,77.97475882653362,1.0,1,0,77.97475882653362,77.97475882653362
,1.0,0,,1.0,0,51.186259083926444,1.0,1,51.186259083926444,1.0,1,2,51.186259083926444,51.186259083926444
,1.0,0,,1.0,0,,1.0,0,23.343342496675135,1.0,1,4,23.343342496675135,23.343342496675135
60.26449169875837,1.0,1,60.26449169875837,1.0,1,60.26449169875837,1.0,1,60.26449169875837,1.0,1,0,60.26449169875837,60.26449169875837
,1.0,0,9.597458069596643,1.0,1,9.597458069596643,1.0,1,9.597458069596643,1.0,1,1,9.597458069596643,9.597458069596643
,1.0,0,,1.0,0,70.52155689337086,1.0,1,70.52155689337086,1.0,1,2,70.52155689337086,70.52155689337086
,1.0,0,,1.0,0,,1.0,0,13.25721108811061,1.0,1,3,13.25721108811061,13.25721108811061
24.344904575242843,1.0,1,24.344904575242843,1.0,1,24.344904575242843,1.0,1,24.344904575242843,1.0,1,3,24.344904575242843,24.344904575242843
,1.0,0,89.77953250359376,1.0,1,89.77953250359376,1.0,1,89.77953250359376,1.0,1,0,89.77953250359376,89.77953250359376
,1.0,0,,1.0,0,95.2265328870605,1.0,1,95.2265328870605,1.0,1,1,95.2265328870605,95.2265328870605
,1.0,0,,1.0,0,,1.0,0,23.29034325928514,1.0,1,4,23.29034325928514,23.29034325928514
58.120066515151414,1.0,1,58.120066515151414,1.0,1,58.120066515151414,1.0,1,58.120066515151414,1.0,1,0,58.120066515151414,58.120066515151414
,1.0,0,17.052778010284275,1.0,1,17.052778010284275,1.0,1,17.052778010284275,1.0,1,3,17.052778010284275,17.052778010284275
,1.0,0,,1.0,0,18.34378764396688,1.0,1,18.34378764396688,1.0,1,1,18.34378764396688,18.34378764396688
,1.0,0,,1.0,0,,1.0,0,80.81100949151505,1.0,1,4,80.81100949151505,80.81100949151505
60.77846535101311,1.0,1,60.77846535101311,1.0,1,60.77846535101311,1.0,1,60.77846535101311,1.0,1,3,60.77846535101311,60.77846535101311
,1.0,0,25.6005052929436,1.0,1,25.6005052929436,1.0,1,25.6005052929436,1.0,1,1,25.6005052929436,25.6005052929436
,1.0,0,,1.0,0,94.01045364277874,1.0,1,94.01045364277874,1.0,1,2,94.01045364277874,94.01045364277874
,1.0,0,,1.0,0,,1.0,0,59.613099471896405,1.0,1,0,59.613099471896405,59.613099471896405
52.44224411259676,1.0,1,52.44224411259676,1.0,1,52.44224411259676,1.0,1,52.44224411259676,1.0,1,4,52.44224411259676,52.44224411259676
,1.0,0,89.17470525420596,1.0,1,89.17470525420596,1.0,1,89.17470525420596,1.0,1,3,89.17470525420596,89.17470525420596
,1.0,0,,1.0,0,20.441278641893014,1.0,1,20.441278641893014,1.0,1,0,20.441278641893014,20.441278641893014
,1.0,0,,1.0,0,,1.0,0,23.573113812799164,1.0,1,1,23.573113812799164,23.573113812799164
63.84303196607108,1.0,1,63.84303196607108,1.0,1,63.84303196607108,1.0,1,63.84303196607108,1.0,1,4,63.84303196607108,63.84303196607108
,1.0,0,0.913950587679746,1.0,1,0.913950587679746,1.0,1,0.913950587679746,1.0,1,0,0.913950587679746,0.913950587679746
,1.0,0,,1.0,0,98.3981685878477,1.0,1,98.3981685878477,1.0,1,1,98.3981685878477,98.3981685878477
,1.0,0,,1.0,0,,1.0,0,41.747786693574,1.0,1,2,41.747786693574,41.747786693574
15.200351237035436,1.0,1,15.200351237035436,1.0,1,15.200351237035436,1.0,1,15.200351237035436,1.0,1,1,15.200351237035436,15.200351237035436
,1.0,0,78.07632629277872,1.0,1,78.07632629277872,1.0,1,78.07632629277872,1.0,1,2,78.07632629277872,78.07632629277872
,1.0,0,,1.0,0,88.20835084529327,1.0,1,88.20835084529327,1.0,1,4,88.20835084529327,88.20835084529327
,1.0,0,,1.0,0,,1.0,0,35.49883869632991,1.0,1,0,35.49883869632991,35.49883869632991
47.4526689910904,1.0,1,47.4526689910904,1.0,1,47.4526689910904,1.0,1,47.4526689910904,1.0,1,0,47.4526689910904,47.4526689910904
,1.0,0,86.50246370231156,1.0,1,86.50246370231156,1.0,1,86.50246370231156,1.0,1,1,86.50246370231156,86.50246370231156
,1.0,0,,1.0,0,47.475284076606094,1.0,1,47.475284076606094,1.0,1,2,47.475284076606094,47.475284076606094
,1.0,0,,1.0,0,,1.0,0,71.84471030142103,1.0,1,3,71.84471030142103,71.84471030142103
48.38559460761659,1.0,1,48.38559460761659,1.0,1,48.38559460761659,1.0,1,48.38559460761659,1.0,1,0,48.38559460761659,48.38559460761659
,1.0,0,66.04949020808053,1.0,1,66.04949020808053,1.0,1,66.04949020808053,1.0,1,2,66.04949020808053,66.04949020808053
,1.0,0,,1.0,0,56.33354153632758,1.0,1,56.33354153632758,1.0,1,3,56.33354153632758,56.33354153632758
,1.0,0,,1.0,0,,1.0,0,61.47739243947997,1.0,1,4,61.47739243947997,61.47739243947997
11.221357466555126,1.0,1,11.221357466555126,1.0,1,11.221357466555126,1.0,1,11.221357466555126,1.0,1,3,11.221357466555126,11.221357466555126
,1.0,0,65.28756260371915,1.0,1,65.28756260371915,1.0,1,65.28756260371915,1.0,1,2,65.28756260371915,65.28756260371915
,1.0,0,,1.0,0,27.43089742665459,1.0,1,27.43089742665459,1.0,1,0,27.43089742665459,27.43089742665459
,1.0,0,,1.0,0,,1.0,0,54.74573014160663,1.0,1,1,54.74573014160663,54.74573014160663
73.87816619578487,1.0,1,73.87816619578487,1.0,1,73.87816619578487,1.0,1,73.87816619578487,1.0,1,0,73.87816619578487,73.87816619578487
,1.0,0,61.42634867464649,1.0,1,61.42634867464649,1.1,1,61.42634867464649,1.1,1,1,61.42634867464649,61.4263486746465
,1.0,0,,1.0,0,53.777846652639525,1.0,1,53.777846652639525,1.0,1,4,53.777846652639525,53.777846652639525
,1.0,0,,1.0,0,,1.0,0,54.394883821961706,1.0,1,2,54.394883821961706,54.394883821961706
13.377585356285604,1.0,1,13.377585356285604,1.0,1,13.377585356285604,1.0,1,13.377585356285604,1.0,1,3,13.377585356285604,13.377585356285604
,1.0,0,49.73968121741685,1.0,1,49.73968121741685,1.0,1,49.73968121741685,1.0,1,0,49.73968121741685,49.73968121741685
,1.0,0,,1.0,0,76.10555565356732,1.0,1,76.10555565356732,1.0,1,1,69.18686877597028,76.10555565356732
,1.0,0,,1.0,0,,1.0,0,79.96488724951158,1.0,1,4,79.96488724951158,79.96488724951158
11.77262674052546,1.0,1,11.77262674052546,1.0,1,11.77262674052546,1.0,1,11.77262674052546,1.0,1,3,11.77262674052546,11.77262674052546
,1.0,0,35.68233751202059,1.0,1,35.68233751202059,1.0,1,35.68233751202059,1.0,1,2,35.68233751202059,35.68233751202059
,1.0,0,,1.0,0,83.2307715936238,1.0,1,83.2307715936238,1.0,1,4,83.2307715936238,83.2307715936238
,1.0,0,,1.0,0,,1.0,0,25.489566987779156,1.0,1,0,25.489566987779156,25.489566987779156
67.48876910084361,1.0,1,67.48876910084361,1.0,1,67.48876910084361,1.0,1,67.48876910084361,1.0,1,0,67.48876910084361,67.48876910084361
,1.0,0,52.443680175244744,1.0,1,52.443680175244744,1.0,1,52.443680175244744,1.0,1,1,52.443680175244744,52.443680175244744
,1.0,0,,1.0,0,5.481420052437858,1.0,1,5.481420052437858,1.0,1,2,5.481420052437858,5.481420052437858
,1.0,0,,1.0,0,,1.0,0,49.50029873865983,1.0,1,4,49.50029873865983,49.50029873865983
99.11463383226537,1.0,1,99.11463383226537,1.0,1,99.11463383226537,1.0,1,99.11463383226537,1.0,1,4,99.11463383226537,99.11463383226537
,1.0,0,56.85874123172717,1.0,1,56.85874123172717,1.0,1,56.85874123172717,1.0,1,2,56.85874123172717,56.85874123172717
,1.0,0,,1.0,0,92.24728672944616,1.0,1,92.24728672944616,1.0,1,1,92.24728672944616,92.24728672944616
,1.0,0,,1.0,0,,1.0,0,24.327442819794452,1.0,1,3,24.327442819794452,24.327442819794452
77.44860557213465,1.0,1,77.44860557213465,1.0,1,77.44860557213465,1.0,1,77.44860557213465,1.0,1,0,77.44860557213465,77.44860557213465
,1.0,0,27.39799279255881,1.0,1,27.39799279255881,1.0,1,27.39799279255881,1.0,1,4,27.39799279255881,27.39799279255881
,1.0,0,,1.0,0,33.11020962407919,1.0,1,33.11020962407919,1.0,1,3,33.11020962407919,33.11020962407919
,1.0,0,,1.0,0,,1.0,0,50.305497599225546,1.0,1,2,50.305497599225546,50.305497599225546
26.002197499515734,1.0,1,26.002197499515734,1.0,1,26.002197499515734,1.0,1,26.002197499515734,1.0,1,2,26.002197499515734,26.002197499515734
,1.0,0,99.38296600357816,1.0,1,99.38296600357816,1.0,1,99.38296600357816,1.0,1,4,99.38296600357816,99.38296600357815
,1.0,0,,1.0,0,44.2688050749243,1.0,1,44.2688050749243,1.0,1,0,44.2688050749243,44.2688050749243
,1.0,0,,1.0,0,,1.0,0,9.726354990944019,1.0,1,3,9.726354990944019,9.726354990944019
50.18049433618924,1.0,1,50.18049433618924,1.0,1,50.18049433618924,1.0,1,50.18049433618924,1.0,1,4,50.18049433618924,50.18049433618924
,1.0,0,24.625549767493816,1.0,1,24.625549767493816,1.0,1,24.625549767493816,1.0,1,1,24.625549767493816,24.625549767493812
,1.0,0,51.02801815974753,1.0,1,51.02801815974753,1.0,1,,1.0,0,2,51.02801815974753,51.02801815974753
,1.0,0,,1.0,0,95.24830660258341,1.0,1,,1.0,0,3,95.24830660258341,95.24830660258341
91.00454974732158,1.0,1,91.00454974732158,1.0,1,91.00454974732158,1.0,1,91.00454974732158,1.0,1,3,91.00454974732158,91.00454974732158
,1.0,0,35.36464087829634,1.0,1,35.36464087829634,1.0,1,35.36464087829634,1.0,1,1,35.36464087829634,35.36464087829634
,1.0,0,,1.0,0,22.731326784996174,1.0,1,22.731326784996174,1.0,1,4,22.731326784996174,22.731326784996174
,1.0,0,,1.0,0,,1.0,0,97.95668944634623,1.0,1,2,97.95668944634623,97.95668944634623
50.51013623096354,1.0,1,50.51013623096354,1.0,1,50.51013623096354,1.0,1,50.51013623096354,1.0,1,2,50.51013623096354,50.51013623096354
,1.0,0,25.674590704614843,1.0,1,25.674590704614843,1.0,1,25.674590704614843,1.0,1,1,25.674590704614843,25.674590704614843
,1.0,0,,1.0,0,70.01412944851664,1.0,1,70.01412944851664,1.0,1,4,70.01412944851664,70.01412944851664
,1.0,0,,1.0,0,,1.0,0,81.38540740647277,1.0,1,0,81.38540740647277,81.38540740647277
2.8517685132941506,1.0,1,2.8517685132941506,1.0,1,2.8517685132941506,1.0,1,2.8517685132941506,1.0,1,1,2.8517685132941506,2.8517685132941506
,1.0,0,37.44566598584835,1.0,1,37.44566598584835,1.0,1,37.44566598584835,1.0,1,4,37.44566598584835,37.44566598584835
,1.0,0,,1.0,0,26.463871659174597,1.0,1,26.463871659174597,1.0,1,0,26.463871659174597,26.463871659174597
,1.0,0,,1.0,0,,1.0,0,99.54681177504567,1.0,1,3,99.54681177504567,99.54681177504567
87.66046977282495,1.0,1,87.66046977282495,1.0,1,87.66046977282495,1.0,1,87.66046977282495,1.0,1,1,87.66046977282495,87.66046977282495
,1.0,0,52.58750074012492,1.0,1,52.58750074012492,1.0,1,52.58750074012492,1.0,1,3,52.58750074012492,52.587500740124916
,1.0,0,,1.0,0,14.604572254911485,1.0,1,14.604572254911485,1.0,1,0,14.604572254911485,14.604572254911485
,1.0,0,,1.0,0,,1.0,0,39.380679901140326,1.0,1,2,39.380679901140326,39.380679901140326
80.34828048825347,1.0,1,80.34828048825347,1.0,1,80.34828048825347,1.0,1,80.34828048825347,1.0,1,2,80.34828048825347,80.34828048825347
,1.0,0,48.282361074080235,1.0,1,48.282361074080235,1.0,1,48.282361074080235,1.0,1,4,48.282361074080235,48.282361074080235
,1.0,0,,1.0,0,39.580300353289076,1.0,1,39.580300353289076,1.0,1,1,39.580300353289076,39.580300353289076
,1.0,0,,1.0,0,,1.0,0,81.0213743224354,1.0,1,3,81.0213743224354,81.0213743224354
47.822022341298556,1.0,1,47.822022341298556,1.0,1,47.822022341298556,1.0,1,47.822022341298556,1.0,1,3,47.822022341298556,47.822022341298556
,1.0,0,67.91576770495782,1.0,1,67.91576770495782,1.0,1,67.91576770495782,1.0,1,1,67.91576770495782,67.91576770495782
,1.0,0,,1.0,0,62.994337505591446,1.0,1,62.994337505591446,1.0,1,4,62.994337505591446,62.994337505591446
,1.0,0,,1.0,0,,1.0,0,72.89548555701884,1.0,1,0,72.89548555701884,72.89548555701884
27.463367621037005,1.0,1,27.463367621037005,1.0,1,27.463367621037005,1.0,1,27.463367621037005,1.0,1,0,27.463367621037005,27.463367621037005
,1.0,0,96.73779808932036,1.0,1,96.73779808932036,1.1,1,96.73779808932036,1.1,1,2,96.73779808932036,96.73779808932038
,1.0,0,,1.0,0,84.06769242457129,1.0,1,84.06769242457129,1.0,1,4,84.06769242457129,84.06769242457129
,1.0,0,,1.0,0,,1.0,0,12.900592484373552,1.0,1,3,12.900592484373552,12.900592484373552
12.2518384007982,1.0,1,12.2518384007982,1.1,1,13.47702224087802,1.0,1,13.47702224087802,1.0,1,2,12.2518384007982,12.86443032083811
,1.0,0,8.359240571232817,1.0,1,8.359240571232817,1.0,1,8.359240571232817,1.0,1,0,8.359240571232817,8.359240571232817
,1.0,0,,1.0,0,95.61268100527795,1.0,1,95.61268100527795,1.0,1,4,95.61268100527795,95.61268100527795
,1.0,0,,1.0,0,,1.0,0,11.779000361686931,1.0,1,1,11.779000361686931,11.779000361686931
85.55179206874716,1.0,1,85.55179206874716,1.0,1,85.55179206874716,1.0,1,85.55179206874716,1.0,1,0,85.55179206874716,85.55179206874716
,1.0,0,65.86247041848475,1.0,1,65.86247041848475,1.0,1,65.86247041848475,1.0,1,1,65.86247041848475,65.86247041848475
,1.0,0,,1.0,0,88.274373712747,1.0,1,88.274373712747,1.0,1,4,88.274373712747,88.274373712747
,1.0,0,,1.1,0,,1.0,0,90.28865854188065,1.0,1,2,90.28865854188065,90.28865854188065
25.354102687111535,1.0,1,25.354102687111535,1.0,1,25.354102687111535,1.0,1,25.354102687111535,1.0,1,0,25.354102687111535,25.354102687111535
,1.0,0,19.607748110555622,1.0,1,19.607748110555622,1.0,1,19.607748110555622,1.0,1,1,19.607748110555622,19.607748110555622
,1.0,0,,1.1,0,48.07464758422147,1.0,1,48.07464758422147,1.0,1,2,48.07464758422147,48.07464758422147
,1.0,0,,1.0,0,,1.0,0,27.886704796500172,1.0,1,4,27.886704796500172,27.886704796500172
89.65768154832901,1.0,1,89.65768154832901,1.0,1,89.65768154832901,1.0,1,89.65768154832901,1.0,1,4,89.65768154832901,89.65768154832901
,1.0,0,47.0155641806691,1.0,1,42.74142198242645,1.0,1,42.74142198242645,1.1,1,2,42.74142198242645,44.16613604850733
,1.0,0,29.500712754416327,1.0,1,,1.0,0,29.500712754416327,1.0,1,3,29.500712754416327,29.500712754416327
,1.0,0,,1.0,0,,1.0,0,37.37935447947302,1.0,1,0,37.37935447947302,37.37935447947302
2.195561757775777,1.0,1,2.195561757775777,1.0,1,2.195561757775777,1.0,1,2.195561757775777,1.0,1,3,2.195561757775777,2.195561757775777
,1.0,0,84.96325627446802,1.0,1,84.96325627446802,1.0,1,84.96325627446802,1.0,1,4,84.96325627446802,84.96325627446802
,1.0,0,,1.0,0,89.21193805087046,1.0,1,98.13313185595752,1.0,1,2,89.21193805087046,93.67253495341399
,1.0,0,,1.0,0,,1.0,0,87.35518635952879,1.0,1,1,87.35518635952879,87.35518635952879
80.85478910569279,1.0,1,80.85478910569279,1.0,1,80.85478910569279,1.0,1,80.85478910569279,1.0,1,1,80.85478910569279,80.85478910569279
,1.0,0,5.285956762567823,1.0,1,5.285956762567823,1.0,1,5.285956762567823,1.0,1,0,5.285956762567823,5.285956762567823
,1.0,0,,1.0,0,33.895852494133436,1.0,1,33.895852494133436,1.0,1,3,33.895852494133436,33.895852494133436
,1.0,0,,1.0,0,,1.0,0,32.2070701439796,1.0,1,4,32.2070701439796,32.2070701439796
89.90889685184247,1.0,1,89.90889685184247,1.0,1,89.90889685184247,1.0,1,89.90889685184247,1.0,1,1,89.90889685184247,89.90889685184247
,1.0,0,65.32066271360758,1.0,1,65.32066271360758,1.0,1,65.32066271360758,1.0,1,2,65.32066271360758,65.32066271360758
,1.0,0,,1.0,0,69.88626900814043,1.0,1,69.88626900814043,1.0,1,4,69.88626900814043,69.88626900814043
,1.0,0,,1.0,0,,1.0,0,38.161370280830454,1.0,1,0,38.161370280830454,38.161370280830454
51.576258082401885,1.0,1,51.576258082401885,1.0,1,51.576258082401885,1.0,1,51.576258082401885,1.0,1,2,51.576258082401885,51.576258082401885
,1.0,0,26.048042264802152,1.0,1,26.048042264802152,1.0,1,26.048042264802152,1.0,1,1,26.048042264802152,26.048042264802152
,1.0,0,,1.0,0,41.86345005080987,1.0,1,41.86345005080987,1.0,1,3,41.86345005080987,41.86345005080987
,1.0,0,,1.0,0,,1.0,0,12.9712621098653,1.0,1,0,12.9712621098653,12.9712621098653
22.437164124155096,1.0,1,22.437164124155096,1.0,1,22.437164124155096,1.0,1,22.437164124155096,1.0,1,0,22.437164124155096,22.437164124155096
,1.0,0,93.08534659617719,1.0,1,93.08534659617719,1.0,1,93.08534659617719,1.0,1,2,93.08534659617719,93.08534659617719
,1.0,0,,1.0,0,13.28829549793966,1.0,1,13.28829549793966,1.0,1,3,13.28829549793966,13.28829549793966
,1.0,0,,1.0,0,,1.0,0,56.79428252768762,1.0,1,4,56.79428252768762,56.79428252768762
25.887001080734183,1.0,1,25.887001080734183,1.0,1,25.887001080734183,1.0,1,25.887001080734183,1.0,1,0,25.887001080734183,25.887001080734183
,1.0,0,98.13556103031644,1.0,1,98.13556103031644,1.0,1,98.13556103031644,1.0,1,4,98.13556103031644,98.13556103031642
,1.0,0,72.17958856767817,1.0,1,,1.0,0,72.17958856767817,1.0,1,2,72.17958856767817,72.17958856767817
,1.0,0,,1.0,0,,1.0,0,52.2625707837795,1.0,1,1,52.2625707837795,52.2625707837795
33.07240677086381,1.0,1,33.07240677086381,1.0,1,33.07240677086381,1.0,1,33.07240677086381,1.0,1,3,33.07240677086381,33.07240677086381
,1.0,0,87.6056384524532,1.0,1,87.6056384524532,1.0,1,87.6056384524532,1.0,1,0,87.6056384524532,87.6056384524532
,1.0,0,,1.0,0,42.42528155007834,1.0,1,42.42528155007834,1.0,1,1,42.42528155007834,42.42528155007834
,1.0,0,,1.0,0,,1.0,0,2.867497253682749,1.0,1,2,2.867497253682749,2.867497253682749
1.651851274285776,1.0,1,1.651851274285776,1.0,1,1.651851274285776,1.0,1,1.651851274285776,1.0,1,3,1.651851274285776,1.651851274285776
,1.0,0,13.306493149941323,1.0,1,13.306493149941323,1.0,1,13.306493149941323,1.0,1,0,13.306493149941323,13.306493149941323
,1.0,0,,1.0,0,43.025970412284956,1.0,1,43.025970412284956,1.0,1,1,43.025970412284956,43.025970412284956
,1.0,0,,1.0,0,,1.0,0,10.518633349526707,1.0,1,4,10.518633349526707,10.518633349526707
14.241605030191206,1.0,1,14.241605030191206,1.0,1,14.241605030191206,1.0,1,14.241605030191206,1.0,1,3,14.241605030191206,14.241605030191206
,1.0,0,84.69827679692553,1.0,1,84.69827679692553,1.0,1,84.69827679692553,1.0,1,1,84.69827679692553,84.69827679692553
,1.0,0,,1.0,0,65.50059232550824,1.0,1,65.50059232550824,1.0,1,0,65.50059232550824,65.50059232550824
,1.0,0,,1.0,0,,1.0,0,55.500383965111645,1.0,1,2,55.500383965111645,55.500383965111645
6.552573258241267,1.0,1,6.552573258241267,1.0,1,6.552573258241267,1.0,1,6.552573258241267,1.0,1,4,6.552573258241267,6.552573258241267
,1.0,0,47.32020698847976,1.0,1,47.32020698847976,1.0,1,47.32020698847976,1.0,1,2,47.32020698847976,47.32020698847976
,1.0,0,,1.0,0,33.141516266673165,1.0,1,33.141516266673165,1.0,1,1,33.141516266673165,33.141516266673165
,1.0,0,,1.0,0,,1.0,0,5.037778048681318,1.0,1,0,5.037778048681318,5.037778048681318
38.99304547837355,1.0,1,38.99304547837355,1.0,1,38.99304547837355,1.0,1,38.99304547837355,1.0,1,2,38.99304547837355,38.99304547837355
,1.0,0,97.84502743066956,1.0,1,97.84502743066956,1.0,1,97.84502743066956,1.0,1,4,97.84502743066956,97.84502743066956
,1.0,0,,1.0,0,64.88818622449688,1.0,1,64.88818622449688,1.0,1,0,64.88818622449688,64.88818622449688
,1.0,0,,1.0,0,,1.0,0,30.29627899146029,1.0,1,3,30.29627899146029,30.29627899146029
44.90688210072486,1.0,1,44.90688210072486,1.0,1,44.90688210072486,1.0,1,44.90688210072486,1.0,1,4,44.90688210072486,44.90688210072486
,1.0,0,32.62392989974951,1.0,1,32.62392989974951,1.0,1,32.62392989974951,1.0,1,1,32.62392989974951,32.62392989974951
,1.0,0,,1.0,0,91.29549800067402,1.0,1,91.29549800067402,1.0,1,3,91.29549800067402,91.29549800067402
,1.0,0,,1.0,0,,1.0,0,55.878706688443515,1.0,1,2,55.878706688443515,55.878706688443515
83.63626740915274,1.0,1,83.63626740915274,1.0,1,83.63626740915274,1.0,1,83.63626740915274,1.0,1,0,83.63626740915274,83.63626740915274
,1.0,0,53.63856570315606,1.0,1,53.63856570315606,1.0,1,53.63856570315606,1.0,1,1,53.63856570315606,53.638565703156054
,1.0,0,60.40517096392873,1.0,1,,1.0,0,60.40517096392873,1.0,1,2,60.40517096392873,60.40517096392873
,1.0,0,,1.0,0,,1.0,0,0.7456913180387659,1.0,1,4,0.7456913180387659,0.7456913180387659
37.24259578731742,1.0,1,37.24259578731742,1.0,1,37.24259578731742,1.0,1,37.24259578731742,1.0,1,0,37.24259578731742,37.24259578731742
,1.0,0,23.452567943152314,1.0,1,23.452567943152314,1.0,1,23.452567943152314,1.0,1,3,23.452567943152314,23.452567943152314
,1.0,0,,1.0,0,27.28532912341003,1.0,1,27.28532912341003,1.0,1,1,27.28532912341003,27.28532912341003
,1.0,0,,1.0,0,,1.0,0,94.97427860132598,1.0,1,2,94.97427860132598,94.97427860132598
15.988693793775354,1.0,1,15.988693793775354,1.0,1,15.988693793775354,1.0,1,15.988693793775354,1.0,1,1,15.988693793775354,15.988693793775354
,1.0,0,69.0557462270925,1.0,1,69.0557462270925,1.0,1,69.0557462270925,1.0,1,2,69.0557462270925,69.0557462270925
,1.0,0,,1.0,0,42.58561168009209,1.0,1,42.58561168009209,1.0,1,3,42.58561168009209,42.58561168009209
,1.0,0,,1.0,0,,1.0,0,72.88270834569103,1.0,1,0,72.88270834569103,72.88270834569103
79.58002278149604,1.0,1,79.58002278149604,1.0,1,79.58002278149604,1.0,1,79.58002278149604,1.0,1,1,79.58002278149604,79.58002278149604
,1.0,0,83.41996202872443,1.0,1,83.41996202872443,1.0,1,83.41996202872443,1.0,1,4,83.41996202872443,83.41996202872443
,1.0,0,,1.0,0,42.66213698063993,1.0,1,42.66213698063993,1.0,1,0,42.66213698063993,42.66213698063993
,1.0,0,,1.0,0,,1.0,0,49.7875364758812,1.0,1,3,49.7875364758812,49.7875364758812
38.682078532842226,1.0,1,38.682078532842226,1.0,1,38.682078532842226,1.0,1,38.682078532842226,1.0,1,2,38.682078532842226,38.682078532842226
,1.0,0,63.13639236299872,1.0,1,63.13639236299872,1.0,1,63.13639236299872,1.0,1,4,63.13639236299872,63.13639236299872
,1.0,0,,1.0,0,96.65865133585385,1.0,1,96.65865133585385,1.0,1,1,96.65865133585385,96.65865133585385
,1.0,0,,1.0,0,,1.0,0,87.02267363771301,1.0,1,3,87.02267363771301,87.02267363771301
74.37574938115844,1.0,1,74.37574938115844,1.0,1,74.37574938115844,1.0,1,74.37574938115844,1.0,1,2,74.37574938115844,74.37574938115844
,1.0,0,50.67974726630675,1.0,1,50.67974726630675,1.0,1,50.67974726630675,1.0,1,1,50.67974726630675,50.67974726630675
,1.0,0,,1.0,0,84.38725613926569,1.0,1,84.38725613926569,1.0,1,4,84.38725613926569,84.38725613926569
,1.0,0,,1.0,0,,1.0,0,37.838091008349764,1.0,1,0,37.838091008349764,37.838091008349764
1.9818871827195328,1.0,1,1.9818871827195328,1.0,1,1.9818871827195328,1.0,1,1.9818871827195328,1.0,1,0,1.9818871827195328,1.9818871827195328
,1.0,0,20.645738162749083,1.0,1,20.645738162749083,1.0,1,20.645738162749083,1.0,1,2,20.645738162749083,20.645738162749083
,1.0,0,,1.0,0,62.93413372375507,1.0,1,62.93413372375507,1.0,1,4,62.93413372375507,62.93413372375507
,1.0,0,,1.0,0,,1.0,0,45.40930892442051,1.0,1,3,45.40930892442051,45.40930892442051
10.080906987304905,1.0,1,10.080906987304905,1.0,1,10.080906987304905,1.0,1,10.080906987304905,1.0,1,0,10.080906987304905,10.080906987304905
,1.0,0,60.73389773038308,1.0,1,60.73389773038308,1.0,1,60.73389773038308,1.0,1,2,60.73389773038308,60.73389773038307
,1.0,0,,1.0,0,29.62272465832292,1.0,1,29.62272465832292,1.0,1,3,29.62272465832292,29.62272465832292
,1.0,0,,1.0,0,,1.0,0,33.42700106914857,1.0,1,4,33.42700106914857,33.42700106914857
25.57275255360959,1.0,1,25.57275255360959,1.0,1,25.57275255360959,1.0,1,25.57275255360959,1.0,1,4,25.57275255360959,25.57275255360959
,1.0,0,50.29862156117122,1.0,1,50.29862156117122,1.0,1,50.29862156117122,1.0,1,2,50.29862156117122,50.29862156117122
,1.0,0,,1.0,0,4.29880200991647,1.0,1,4.29880200991647,1.0,1,3,4.29880200991647,4.29880200991647
,1.0,0,,1.0,0,,1.0,0,89.59937254206673,1.0,1,1,89.59937254206673,89.59937254206673
91.26708471009832,1.0,1,91.26708471009832,1.0,1,91.26708471009832,1.0,1,91.26708471009832,1.0,1,0,91.26708471009832,91.26708471009832
,1.0,0,31.967106279889336,1.0,1,31.967106279889336,1.0,1,31.967106279889336,1.0,1,2,31.967106279889336,31.967106279889336
,1.0,0,,1.0,0,34.85898452759438,1.0,1,34.85898452759438,1.0,1,3,34.85898452759438,34.85898452759438
,1.0,0,,1.0,0,,1.0,0,92.88824323727984,1.0,1,4,92.88824323727984,92.88824323727984
